,2026-10-09
btc_mom_1,0.010595280012536023
btc_mom_3,-0.03582980091337733
btc_mom_7,-0.02335893304638077
btc_mom_14,-0.01787285494072633
btc_mom_30,0.053329066828868545
btc_mom_60,0.25587458232887683
btc_mom_90,0.25757462772152484
btc_mom_180,0.1541589138744663
btc_mom_365,-0.388245304064867
btc_vol_7,0.016457272411739422
btc_vol_30,0.02038935951353084
btc_vol_90,0.020250147556185646
btc_vol_ratio_7_30,0.8071500431790417
btc_ma_gap_20,-0.020841450312150376
btc_ma_gap_50,0.022391278348156306
btc_ma_gap_100,0.13010342842421335
btc_ma_gap_200,0.138691373432407
btc_ma50_over_ma200,0.11630009508425078
btc_drawdown_365,-0.3339269614946579
btc_rsi_14,50.162755891593086
btc_volume_z90,-0.12463925024187114
eth_ret_1,0.0054971840987319
eth_ret_7,-0.07089640313646939
eth_ret_30,0.0075214629790849585
eth_gap_200,0.16608559470871764
sp500_ret_1,0.0059293327127996065
sp500_ret_7,0.011435471104372041
sp500_ret_30,0.02268110056206929
sp500_gap_200,0.05271530372375999
nasdaq_ret_1,0.006335491538006721
nasdaq_ret_7,0.006426711737526958
nasdaq_ret_30,0.04151436308434775
nasdaq_gap_200,0.06772965083246874
vix_lvl,14.84000015258789
vix_chg_7,-0.4700002670288086
vix_chg_30,-1.6199989318847656
vix_z365,-0.932030942925065
move_lvl,98.47000122070312
move_chg_7,-8.819999694824219
move_chg_30,21.730003356933594
move_z365,2.0900357061714323
dxy_ret_1,0.000685096139807051
dxy_ret_7,0.0027432052093727677
dxy_ret_30,0.034235630451013854
dxy_gap_200,0.023501012812192634
gold_ret_1,0.014164259609042773
gold_ret_7,0.012890160699551956
gold_ret_30,-0.056347828294773805
gold_gap_200,-0.04369427081589983
oil_ret_1,0.003927141706298265
oil_ret_7,0.008089220623578974
oil_ret_30,-0.0447121259387524
oil_gap_200,0.0337645018964583
ust10y_yahoo_lvl,5.24399995803833
ust10y_yahoo_chg_7,-0.03299999237060636
ust10y_yahoo_chg_30,0.4070000648498535
ust10y_yahoo_z365,2.717551694890812
mstr_ret_1,0.0187703437039346
mstr_ret_7,-0.03607834164874202
mstr_ret_30,0.1510670189611707
mstr_gap_200,0.18732085040272306
coin_ret_1,0.04206772649517454
coin_ret_7,-0.019923949532794083
coin_ret_30,0.02637750376546233
coin_gap_200,0.029862555493560095
cm_mvrv_lvl,1.5191712124119183
cm_mvrv_chg_7,-0.06141049211196958
cm_mvrv_chg_30,0.04423150003401344
cm_mvrv_z365,0.31012402595861477
cm_active_addresses_chg_7,-0.09426404673084754
cm_active_addresses_chg_30,0.07122884391308659
cm_active_addresses_chg_90,0.022919792756066926
cm_active_addresses_z365,0.08599034794967005
cm_tx_count_chg_7,0.16741498811010658
cm_tx_count_chg_30,0.0013255252090367264
cm_tx_count_chg_90,0.09242168497674541
cm_tx_count_z365,0.681047195045571
cm_hashrate_chg_7,0.021509636214339878
cm_hashrate_chg_30,0.08460600583428501
cm_hashrate_chg_90,0.05828292126547652
cm_hashrate_z365,-0.5944046415996898
cm_issuance_chg_7,-0.014763942353255288
cm_issuance_chg_30,0.08516248652053804
cm_issuance_chg_90,0.3096488113357694
cm_issuance_z365,0.11675254857185426
cm_exchange_inflow_chg_7,0.050260941636828704
cm_exchange_inflow_chg_30,0.3770080774759563
cm_exchange_inflow_chg_90,0.5984830625671869
cm_exchange_inflow_z365,0.7495517323298423
cm_exchange_outflow_chg_7,-0.11432566968998259
cm_exchange_outflow_chg_30,0.2059905115305014
cm_exchange_outflow_chg_90,0.4390975311604919
cm_exchange_outflow_z365,0.6434155386088282
cm_exchange_supply_chg_7,-0.004620681990935793
cm_exchange_supply_chg_30,-0.014457982082989318
cm_exchange_supply_chg_90,0.004809402907408611
cm_exchange_supply_z365,0.05930706277270934
fed_funds_lvl,3.88
fed_funds_chg_7,0.0
fed_funds_chg_30,0.25
fed_funds_z365,1.2865371222671906
ust2y_lvl,4.75
ust2y_chg_7,-0.03000000000000025
ust2y_chg_30,0.3600000000000003
ust2y_z365,2.1871553216471384
ust10y_lvl,5.22
ust10y_chg_7,-0.020000000000000462
ust10y_chg_30,0.41999999999999993
ust10y_z365,2.679673911978638
curve_10y2y_lvl,0.47
curve_10y2y_chg_7,0.009999999999999953
curve_10y2y_chg_30,0.06
curve_10y2y_z365,-0.32777033721210136
breakeven5y_lvl,2.37
breakeven5y_chg_7,0.010000000000000231
breakeven5y_chg_30,-0.029999999999999805
breakeven5y_z365,-0.243028222459292
hy_spread_lvl,3.15
hy_spread_chg_7,-0.0900000000000003
hy_spread_chg_30,0.48
hy_spread_z365,1.5569293152374455
usd_broad_ret_1,
usd_broad_ret_7,
usd_broad_ret_30,
usd_broad_gap_200,
reverse_repo_chg_7,-0.04380262265839274
reverse_repo_chg_30,-0.6252198392750321
reverse_repo_chg_90,-0.4866552628381777
reverse_repo_z365,-1.0966481374954014
fed_balance_sheet_chg_7,0.0006714309506747895
fed_balance_sheet_chg_30,0.0015359559924004174
fed_balance_sheet_chg_90,0.0017727291157942915
fed_balance_sheet_z365,1.1624887657912184
treasury_account_chg_7,-0.07485585394733896
treasury_account_chg_30,-0.09495557010962052
treasury_account_chg_90,0.12855739241124908
treasury_account_z365,0.06901365270749386
m2_chg_7,0.0
m2_chg_30,0.005365052483794486
m2_chg_90,0.014198894614455781
m2_z365,1.9238675924489361
epu_us_lvl,359.81142857142856
epu_us_chg_7,129.70714285714288
epu_us_chg_30,-28.73714285714283
epu_us_z365,0.3636148102354208
emu_us_lvl,117.79857142857132
emu_us_chg_7,-20.6014285714286
emu_us_chg_30,-57.75714285714285
emu_us_z365,-1.056860534735479
fin_conditions_lvl,-0.494
fin_conditions_chg_7,0.016000000000000014
fin_conditions_chg_30,0.05500000000000005
fin_conditions_z365,0.9162189275767947
fear_greed_lvl,59.0
fear_greed_chg_7,-13.0
fear_greed_chg_30,-7.0
fear_greed_z365,1.5834758947826384
gpr_lvl,162.3631635393415
gpr_chg_7,-18.047330583844882
gpr_chg_30,15.205653599330361
gpr_z365,-0.1734237998974322
gpr_acts_lvl,203.7052001953125
gpr_acts_chg_7,-5.687395368303584
gpr_acts_chg_30,56.57849666050501
gpr_acts_z365,0.2306382385107789
gpr_threats_lvl,165.29275621686662
gpr_threats_chg_7,-32.86954716273718
gpr_threats_chg_30,-9.620204380580361
gpr_threats_z365,-0.47260360383745303
wiki_bitcoin_chg_7,-0.16394583482804315
wiki_bitcoin_chg_30,-0.10286420209552549
wiki_bitcoin_chg_90,-0.3278873764041812
wiki_bitcoin_z365,-1.2586305292856752
wiki_crypto_chg_7,-0.31808561037077343
wiki_crypto_chg_30,0.0705846524467395
wiki_crypto_chg_90,-0.11763307689476221
wiki_crypto_z365,-0.5535045803372768
stablecoin_supply_chg_7,0.004918180302180275
stablecoin_supply_chg_30,0.011027548141562704
stablecoin_supply_chg_90,0.014549179780956933
stablecoin_supply_z365,0.5544122784468093
news_volume_bitcoin_chg_7,-0.8721298360883858
news_volume_bitcoin_chg_30,-1.3381539857919553
news_volume_bitcoin_chg_90,-1.351702916350272
news_volume_bitcoin_z365,-4.279241130572811
news_tone_macro_lvl,-0.7993857142857143
news_tone_macro_chg_7,-0.006957142857142773
news_tone_macro_chg_30,0.19009999999999994
news_tone_macro_z365,0.3351847419168196
news_tone_conflict_lvl,-2.546071428571429
news_tone_conflict_chg_7,-0.11461428571428556
news_tone_conflict_chg_30,-0.10280000000000067
news_tone_conflict_z365,-0.5065372699909977
funding_rate_lvl,
funding_rate_chg_7,
funding_rate_chg_30,
funding_rate_z365,
